<?xml version="1.0" encoding="UTF-8"?>
<metadata xml:lang="nl"><Esri><CreaDate>20160309</CreaDate><CreaTime>10113100</CreaTime><ArcGISFormat>1.0</ArcGISFormat><SyncOnce>TRUE</SyncOnce><DataProperties><lineage><Process ToolSource="c:\program files (x86)\arcgis\desktop10.2\ArcToolbox\Toolboxes\Data Management Tools.tbx\Project" Date="20160309" Time="100739">Project 20160223BomenRodeSchouw C:\ff\default.gdb\c20160223BomenRodeSchouw_Pro1 GEOGCS['GCS_WGS_1984',DATUM['D_WGS_1984',SPHEROID['WGS_1984',6378137.0,298.257223563]],PRIMEM['Greenwich',0.0],UNIT['Degree',0.0174532925199433]] Amersfoort_To_WGS_1984_2008_MB PROJCS['RD_New',GEOGCS['GCS_Amersfoort',DATUM['D_Amersfoort',SPHEROID['Bessel_1841',6377397.155,299.1528128]],PRIMEM['Greenwich',0.0],UNIT['Degree',0.0174532925199433]],PROJECTION['Double_Stereographic'],PARAMETER['False_Easting',155000.0],PARAMETER['False_Northing',463000.0],PARAMETER['Central_Meridian',5.38763888888889],PARAMETER['Scale_Factor',0.9999079],PARAMETER['Latitude_Of_Origin',52.15616055555555],UNIT['Meter',1.0]]</Process><Process ToolSource="c:\program files (x86)\arcgis\desktop10.2\ArcToolbox\Toolboxes\Data Management Tools.tbx\CalculateField" Date="20160309" Time="100918">CalculateField c20160223BomenRodeSchouw_Pro1 plus_type "http://definities.geostandaarden.nl/concepten/imgeo/doc/begrip/boom" VB #</Process><Process ToolSource="c:\program files (x86)\arcgis\desktop10.2\ArcToolbox\Toolboxes\Data Management Tools.tbx\CalculateField" Date="20160309" Time="102852">CalculateField BomenRodeSchouw plus_type "http://th-wik.spotzidev.com/index.php?title=TypeVegetatieObjectPlus" VB #</Process></lineage></DataProperties></Esri></metadata>
